Accession,Organism,Strain,Isolation_Source,Host,Country,Collection_Year
PQ591826.1,Influenza A virus,A/California/150/2024,,Homo sapiens,,2024
PQ467104.1,Influenza A virus,A/California/146/2024,,Homo sapiens,,2024
PV091378.1,Influenza A virus,A/Bovine/California/T2402448/2024,placenta,bovine,,2024
PQ524075.1,Influenza A virus,A/California/168/2024,,Homo sapiens,,2024
PQ468762.1,Influenza A virus,A/California/147/2024,,Homo sapiens,,2024
PQ435217.1,Influenza A virus,A/California/135/2024,,Homo sapiens,,2024
PQ773294.1,Influenza A virus,A/California/194/2024,,Homo sapiens,,2024
PQ686603.1,Influenza A virus,A/California/191/2024,,Homo sapiens,,2024
PQ373726.2,Influenza A virus,A/cattle/Idaho/Broad_MF_006/2024,retail milk,cattle,,2024
PQ493724.1,Influenza A virus,A/California/153/2024,,Homo sapiens,,2024
PQ373686.1,Influenza A virus,A/cattle/Idaho/Broad_ME_015/2024,retail milk,cattle,,2024
PP914101.1,Influenza A virus,A/cattle/Texas/MP10/2024,milk,cattle,,2024
PP599464.1,Influenza A virus,A/Bovine/texas/24-029328-01/2024,milk,bovine,,2024
PV576481.1,Influenza A virus,A/feline/San Bernardino County/297271-24/2024,urine,feline,,2024
PV602006.1,Influenza A virus,A/swine/Kansas/ExpPig61-NS4DPI/2024,nasal swab,swine,,2024
PQ373750.2,Influenza A virus,A/cattle/Colorado/Broad_MF_014/2024,retail milk,cattle,,2024
PQ373662.1,Influenza A virus,A/cattle/Colorado/Broad_ME_001/2024,retail milk,cattle,,2024
PQ686606.1,Influenza A virus,A/California/193/2024,,Homo sapiens,,2024
PQ524069.1,Influenza A virus,A/California/155/2024,,Homo sapiens,,2024
PQ373630.1,Influenza A virus,A/cattle/Texas/Broad_MD_034/2024,retail milk,cattle,,2024
PQ373614.1,Influenza A virus,A/cattle/Colorado/Broad_MC_023/2024,retail milk,cattle,,2024
PQ162279.1,Influenza A virus,A/dairy cow/Texas/A240750066-18/2024,mammary LF,dairy cow,,2024
PP732375.2,Influenza A virus,A/Dairy cattle/Kansas/5/2024,environmental swabs,Dairy cattle,,2024
PQ373710.1,Influenza A virus,A/cattle/Idaho/Broad_ME_023/2024,retail milk,cattle,,2024
PQ032837.1,Influenza A virus,A/Colorado/109/2024,,Homo sapiens,,2024
PV601998.1,Influenza A virus,A/swine/Kansas/ExpPig52-OP1DPI/2024,oropharyngeal swab,swine,,2024
PV601990.1,Influenza A virus,A/bovine/Kansas/Inoc-TX-24-029328-01/2024,passaged in bovine uterine epithelial cells for 3 passages and subsequently passed on MDCK cells for 1 passage,bovine,,2024
PQ373638.1,Influenza A virus,A/cattle/Texas/Broad_MD_035/2024,retail milk,cattle,,2024
PQ790075.1,Influenza A virus,A/California/213/2024,,Homo sapiens,,2024
PQ493714.1,Influenza A virus,A/California/152/2024,,Homo sapiens,,2024
PQ106515.1,Influenza A virus,A/Colorado/137/2024,,Homo sapiens,,2024
PP914093.1,Influenza A virus,A/Grackle/Texas/USL_047/2024,oral swab,Grackle,,2024
PP914085.1,Influenza A virus,A/cattle/Texas/USL_042/2024,nasal swab,cattle,,2024
PP600142.1,Influenza A virus,A/cattle/Texas/56283/2024,nasal swab,bovine,,2024
PP836398.1,Influenza A virus,A/bovine/Ohio/B24OSU-302/2024,,bovine,,2024
PQ373742.2,Influenza A virus,A/cattle/Colorado/Broad_MF_013/2024,retail milk,cattle,,2024
PQ773304.1,Influenza A virus,A/California/195/2024,,Homo sapiens,,2024
PV643543.1,Influenza A virus,A/dairy cow/Ohio/OH24-8700-2/2024,milk,Bos taurus,,2024
PV026113.1,Influenza A virus,A/feline/New Mexico/F001/2024,Tissue from brain,Felis catus,,2024
PQ373678.1,Influenza A virus,A/cattle/Michigan/Broad_ME_013/2024,retail milk,cattle,,2024
PQ249611.1,Influenza A virus,A/bovine/Ohio/B24OSU-541/2024,urine,bovine,,2024
PP836510.1,Influenza A virus,A/bovine/Ohio/B24OSU-494/2024,clinical cow milk,bovine,,2024
PP836470.1,Influenza A virus,A/bovine/Ohio/B24OSU-439/2024,clinical cow milk,bovine,,2024
PP836462.1,Influenza A virus,A/bovine/Ohio/B24OSU-432/2024,clinical cow milk,bovine,,2024
PP836454.1,Influenza A virus,A/bovine/Ohio/B24OSU-413/2024,clinical cow milk,bovine,,2024
PP839259.1,Influenza A virus,A/Michigan/90/2024,,Homo sapiens,,2024
PQ687559.1,Influenza A virus,A/California/183/2024,,Homo sapiens,,2024
PP914077.1,Influenza A virus,A/cattle/Texas/MP09/2024,milk,cattle,,2024
PQ863965.1,Influenza A virus,A/California/216/2024,,Homo sapiens,,2024
PQ790145.1,Influenza A virus,A/Montana/51_LML_PA/2024,lung,Experimental infection in non-human primates (NHP) with A/bovine/Ohio/B24OSU-432/2024,,2024
PQ686590.1,Influenza A virus,A/California/181/2024,,Homo sapiens,,2024
PQ106518.1,Influenza A virus,A/Colorado/138/2024,,Homo sapiens,,2024
PP836494.1,Influenza A virus,A/bovine/Ohio/B24OSU-472/2024,clinical cow milk,bovine,,2024
PP577942.1,Influenza A virus,A/Texas/37/2024,,Homo sapiens,,2024
OR801092.1,Influenza A virus,A/Gallus gallus domesticus/Sonora/CPA-18486-23/2023,"nasal swab, traquea swab, lung, spleen pool",Gallus gallus,,2023
PV601982.1,Influenza A virus,A/swine/Kansas/ExpPig61-OP1DPI/2024,oropharyngeal swab,swine,,2024
OR801084.1,Influenza A virus,A/Aves/Veracruz/CPA-18079-23/2023,"nasal swab, traquea swab, lung, spleen pool",Aves,,2023
OR801076.1,Influenza A virus,A/Aves/Guanajuato/CPA-18539-23/2023,"nasal swab, traquea swab, lung, spleen pool",Aves,,2023
PV601974.1,Influenza A virus,A/swine/Kansas/ExpPig59-OP1DPI/2024,oropharyngeal swab,swine,,2024
PP576938.1,Influenza A virus,A/trumpeter swan/Kansas/W23-928/2023,Combined cloacal and oral-pharyngeal,Cygnus buccinator,,2023
PP576925.1,Influenza A virus,A/Ross's goose/Kansas/W23-930F/2023,Heart tissue,Anser rossii,,2023
PP576851.1,Influenza A virus,A/Canada goose/Louisiana/W23-902/2023,Oral-pharyngeal,Branta canadensis,,2023
PP834279.1,Influenza A virus,A/ruddy turnstone/Virginia/W24-190N/2024,Combined cloacal and oral-pharyngeal,Arenaria interpres,,2024
PP761646.1,Influenza A virus,A/snow goose/Kansas/W23-968E/2023,Oral-pharyngeal,Anser caerulescens,,2023
PP752121.1,Influenza A virus,A/red-tailed hawk/Kansas/W23-889/2023,Combined cloacal and oral-pharyngeal,Buteo jamaicensis,,2023
PP577024.1,Influenza A virus,A/greater white-fronted goose/Louisiana/W23-857A/2023,Brain swab,Anser albifrons,,2023
PP576832.1,Influenza A virus,A/snow goose/Kansas/W23-930C/2023,Oral-pharyngeal,Anser caerulescens,,2023
PP576824.1,Influenza A virus,A/greater white-fronted goose/Louisiana/W23-857B/2023,Combined cloacal and oral-pharyngeal,Anser albifrons,,2023
PV601934.1,Influenza A virus,A/swine/Kansas/ExpPig52-BAL3DPI/2024,bronchoalveolar lavage,swine,,2024
PV601926.1,Influenza A virus,A/swine/Kansas/ExpPig50-BAL3DPI/2024,bronchoalveolar lavage,swine,,2024
PP834442.1,Influenza A virus,A/American crow/Virginia/W24-190R/2024,Combined cloacal and oral-pharyngeal,Corvus brachyrhynchos,,2024
PP834425.1,Influenza A virus,A/sanderling/Virginia/W24-190C/2024,Combined cloacal and oral-pharyngeal,Calidris alba,,2024
PP833633.1,Influenza A virus,A/sanderling/Virginia/W24-190A/2024,Combined cloacal and oral-pharyngeal,Calidris alba,,2024
PP766977.1,Influenza A virus,A/Ross's goose/Kansas/W23-949B/2023,Oral-pharyngeal,Anser rossii,,2023
PP577005.1,Influenza A virus,A/Ross's goose/Kansas/W23-949A/2023,Brain swab,Anser rossii,,2023
PP576917.1,Influenza A virus,A/snow goose/Kansas/W23-930E/2023,Oral-pharyngeal,Anser caerulescens,,2023
PP576904.1,Influenza A virus,A/wood duck/Georgia/W24-007A/2023,Heart swab,Chenonetta jubata,,2023
PP761509.1,Influenza A virus,A/Ross's goose/Kansas/W23-949A/2023,Cloacal,Anser rossii,,2023
PV601950.1,Influenza A virus,A/swine/Kansas/ExpPig61-BAL5DPI/2024,bronchoalveolar lavage,swine,,2024
PP752106.1,Influenza A virus,A/great horned owl/Kansas/W24-005/2023,Combined cloacal and oral-pharyngeal,Bubo virginianus,,2023
PP691925.1,Influenza A virus,A/blue-winged teal/Louisiana/UGAI23-893/2023,,Spatula discors,,2023
PP576995.1,Influenza A virus,A/wood duck/Georgia/W24-007B/2023,Brain swab,Chenonetta jubata,,2023
PP576982.1,Influenza A virus,A/snow goose/Tennessee/W23-940/2023,Combined cloacal and oral-pharyngeal,Anser caerulescens,,2023
PP576905.1,Influenza A virus,A/wood duck/Georgia/W24-007D/2023,Combined cloacal and oral-pharyngeal,Chenonetta jubata,,2023
OR910274.1,Influenza A virus,A/chicken/Nuble/242159/2023,Tracheal swab,Gallus gallus,,2023
OR125174.1,Influenza A virus,A/chicken/Nuble/239136/2023,tracheal swab,Gallus gallus,,2023
PP770449.1,Influenza A virus,A/crow/Kansas/W23-968A/2023,Combined cloacal and oral-pharyngeal,Corvus sp.,,2023
PP756692.1,Influenza A virus,A/domestic duck/Araucania/243954-1/2023,Tracheal swab,Anas platyrhynchos domesticus,,2023
PP577013.1,Influenza A virus,A/snow goose/Kansas/W23-949C/2023,Oral-pharyngeal,Anser caerulescens,,2023
PP576954.1,Influenza A virus,A/Ross's goose/Kansas/W23-930G/2023,Cloacal,Anser rossii,,2023
PP576856.1,Influenza A virus,A/snow goose/Kansas/W23-930A/2023,Cloacal,Anser caerulescens,,2023
OR125462.1,Influenza A virus,A/Turkey/Nuble/240489-1/2023,tracheal swab,Meleagris gallopavo,,2023
OQ547342.1,Influenza A virus,A/Gallus gallus/Peru/AIS0539/2022,tracheal swab,Gallus gallus,,2022
OQ733033.1,Influenza A virus,A/blue-winged teal/Texas/UGAI22-3189/2022,Combined cloacal and oral-pharyngeal,Spatula discors,,2022
OR979573.1,Influenza A virus,A/chicken/Maule/242133-1/2023,Combined cloacal and tracheal,Gallus gallus,,2023
PV601966.1,Influenza A virus,A/swine/Kansas/ExpPig52-OP3DPI/2024,oropharyngeal swab,swine,,2024
PV601942.1,Influenza A virus,A/swine/Kansas/ExpPig51-BAL5DPI/2024,bronchoalveolar lavage,swine,,2024
OR910360.1,Influenza A virus,A/chicken/Aysen/247792-2/2023,Tracheal swab,Gallus gallus,,2023
OR268612.1,Influenza A virus,A/chicken/Araucania/240481-1/2023,tracheal swab,Gallus gallus,,2023
OR268606.1,Influenza A virus,A/Domestic duck/Araucania/241914-2/2023,tracheal swab,Anas platyrhynchos domesticus,,2023
PP752858.1,Influenza A virus,A/cattle/Texas/24-009110-004/2024,milk,cattle,,2024
PP755826.1,Influenza A virus,A/cattle/Texas/24-009110-024/2024,milk,cattle,,2024
PP752682.1,Influenza A virus,A/cattle/Texas/24-009088-001/2024,milk,cattle,,2024
PQ052225.1,Influenza A virus,A/cattle/TX/24-015973-028-original/2024,milk,cattle,,2024
PQ052193.1,Influenza A virus,A/cattle/TX/24-015973-018-original/2024,milk,cattle,,2024
PQ052153.1,Influenza A virus,A/cattle/TX/24-015973-008-original/2024,milk,cattle,,2024
PQ052145.1,Influenza A virus,A/cattle/TX/24-015973-007-original/2024,milk,cattle,,2024
PP755850.1,Influenza A virus,A/cattle/Texas/24-009110-027/2024,milk,cattle,,2024
PP755842.1,Influenza A virus,A/cattle/Texas/24-009110-026/2024,milk,cattle,,2024
PP755459.1,Influenza A virus,A/chicken/Texas/24-007264-001/2024,Oropharyngeal swab,chicken,,2024
PP753130.1,Influenza A virus,A/cattle/Texas/24-009110-022/2024,milk,cattle,,2024
PP753098.1,Influenza A virus,A/cattle/Texas/24-009110-018/2024,milk,cattle,,2024
PP752866.1,Influenza A virus,A/cattle/Texas/24-009110-005/2024,milk,cattle,,2024
PP752794.1,Influenza A virus,A/cattle/Texas/24-009110-003/2024,milk,cattle,,2024
PP752613.1,Influenza A virus,A/domestic cat/Texas/24-008764-001/2024,brain tissue,Domestic cat,,2024
PV459399.1,Influenza A virus,A/Dairy cow/ID/W241070094-7/2024,milk,dairy cow,,2024
PV459271.1,Influenza A virus,A/Dairy cow/ID/W241510022-4/2024,milk,dairy cow,,2024
PV459255.1,Influenza A virus,A/Dairy cow/ID/W241140067-9/2024,milk,dairy cow,,2024
PV132395.1,Influenza A virus,A/Bos taurus/Kansas/SM-3/2024,milk,Bos taurus,,2024
PQ702312.1,Influenza A virus,A/American wigeon/MT/23-030445-012-original/2023,Cloacal/Oropharyngeal Swab Pool,American wigeon,,2023
PQ664168.1,Influenza A virus,A/cattle/TX/24-017473-002-original/2024,milk,cattle,,2024
PQ664064.1,Influenza A virus,A/cattle/NM/24-023930-002-original/2024,milk,cattle,,2024
PQ589765.1,Influenza A virus,A/cattle/ID/24-028090-001-original/2024,"Milk, Bulk Tank",cattle,,2024
PQ528983.1,Influenza A virus,A/cattle/CO/24-017048-009-original/2024,milk,cattle,,2024
PQ528967.1,Influenza A virus,A/cattle/CO/24-017048-005-original/2024,milk,cattle,,2024
PQ468537.1,Influenza A virus,A/cattle/CO/24-022173-001-original/2024,milk,cattle,,2024
PQ423337.1,Influenza A virus,A/cattle/CO/24-020715-003-original/2024,milk,cattle,,2024
PQ423329.1,Influenza A virus,A/cattle/CO/24-020027-007-original/2024,milk,cattle,,2024
PQ423297.1,Influenza A virus,A/cattle/CO/24-020027-001-original/2024,milk,cattle,,2024
PQ423281.1,Influenza A virus,A/cat/CO/24-021510-001-original/2024,brain,cat,,2024
PQ423265.1,Influenza A virus,A/cat/CO/24-020793-001-original/2024,brain,cat,,2024
PQ423233.1,Influenza A virus,A/Eurasian Collared Dove/CO/24-021011-001-original/2024,Cloacal/Oropharyngeal Swab Pool,Eurasian Collared Dove,,2024
PQ379822.1,Influenza A virus,A/chicken/CO/24-020798-001-original/2024,Oropharyngeal Swab,chicken,,2024
PQ379766.1,Influenza A virus,A/chicken/CO/24-020796-004-original/2024,Oropharyngeal Swab,chicken,,2024
PQ379758.1,Influenza A virus,A/chicken/CO/24-020796-003-original/2024,Oropharyngeal Swab,chicken,,2024
PQ379734.1,Influenza A virus,A/chicken/CO/24-020714-002-original/2024,swab,chicken,,2024
PQ379726.1,Influenza A virus,A/chicken/CO/24-020285-012-original/2024,Oropharyngeal Swab,chicken,,2024
PQ379638.1,Influenza A virus,A/chicken/CO/24-020285-001-original/2024,Oropharyngeal Swab,chicken,,2024
PQ379318.1,Influenza A virus,A/cattle/ID/24-019780-001-original/2024,milk,cattle,,2024
PQ379070.1,Influenza A virus,A/cattle/CO/24-022332-011-original/2024,milk,cattle,,2024
PQ379038.1,Influenza A virus,A/cattle/CO/24-022176-001-original/2024,milk,cattle,,2024
PQ378990.1,Influenza A virus,A/cattle/CO/24-021996-002-original/2024,milk,cattle,,2024
PQ378958.1,Influenza A virus,A/cattle/CO/24-021340-003-original/2024,milk,cattle,,2024
PQ378942.1,Influenza A virus,A/cattle/CO/24-021340-001-original/2024,milk,cattle,,2024
PQ378414.1,Influenza A virus,A/cattle/CO/24-019691-001-original/2024,milk,cattle,,2024
PQ378406.1,Influenza A virus,A/cattle/CO/24-019601-002-original/2024,milk,cattle,,2024
PQ378382.1,Influenza A virus,A/cattle/CO/24-019381-013-original/2024,milk,cattle,,2024
PQ378310.1,Influenza A virus,A/cattle/CO/24-018872-002-original/2024,milk,cattle,,2024
PQ378206.1,Influenza A virus,A/cattle/CO/24-018766-003-original/2024,milk,cattle,,2024
PQ378198.1,Influenza A virus,A/cattle/CO/24-018766-001-original/2024,milk,cattle,,2024
PQ378134.1,Influenza A virus,A/cattle/CO/24-018336-002-original/2024,milk,cattle,,2024
PQ378126.1,Influenza A virus,A/cattle/CO/24-018336-001-original/2024,milk,cattle,,2024
PQ378094.1,Influenza A virus,A/cattle/CO/24-018334-007-original/2024,milk,cattle,,2024
PQ378054.1,Influenza A virus,A/cattle/CO/24-018334-001-original/2024,milk,cattle,,2024
PQ378030.1,Influenza A virus,A/cattle/CO/24-018151-004-original/2024,milk,cattle,,2024
PQ378014.1,Influenza A virus,A/cattle/CO/24-018151-001-original/2024,milk,cattle,,2024
PQ377982.1,Influenza A virus,A/cattle/CO/24-018030-004-original/2024,milk,cattle,,2024
PQ377966.1,Influenza A virus,A/cattle/CO/24-018030-001-original/2024,milk,cattle,,2024
PQ377862.1,Influenza A virus,A/cattle/CO/24-018028-008-original/2024,milk,cattle,,2024
PQ377822.1,Influenza A virus,A/cattle/CO/24-018028-002-original/2024,milk,cattle,,2024
PQ377814.1,Influenza A virus,A/cattle/CO/24-018027-005-original/2024,milk,cattle,,2024
PQ377798.1,Influenza A virus,A/cattle/CO/24-017811-005-original/2024,milk,cattle,,2024
PQ377718.1,Influenza A virus,A/cattle/CO/24-017660-003-original/2024,milk,cattle,,2024
PQ377654.1,Influenza A virus,A/cattle/CO/24-017154-001-original/2024,milk,cattle,,2024
PQ377598.1,Influenza A virus,A/cattle/CO/24-017152-008-original/2024,milk,cattle,,2024
PQ377574.1,Influenza A virus,A/cattle/CO/24-017148-009-original/2024,milk,cattle,,2024
PQ328783.1,Influenza A virus,A/cattle/CO/24-022160-001-original/2024,milk,cattle,,2024
PQ220927.1,Influenza A virus,A/chicken/NM/24-011263-002-original/2024,tracheal swab,chicken,,2024
PQ220783.1,Influenza A virus,A/cattle/TX/24-019890-002-original/2024,milk,cattle,,2024
PQ220767.1,Influenza A virus,A/cattle/SD/24-017898-001-original/2024,milk,cattle,,2024
PQ168171.1,Influenza A virus,A/chicken/CO/24-018507-001-original/2024,Cloacal/Oropharyngeal Swab Pool,chicken,,2024
PQ168091.1,Influenza A virus,A/cattle/CO/24-017153-007-original/2024,milk,cattle,,2024
PQ168075.1,Influenza A virus,A/cattle/CO/24-017153-001-original/2024,milk,cattle,,2024
PQ135428.1,Influenza A virus,A/cattle/ID/24-017483-002-original/2024,milk,cattle,,2024
PQ135404.1,Influenza A virus,A/cattle/ID/24-017478-002-original/2024,milk,cattle,,2024
PQ109710.1,Influenza A virus,A/goose/CO/23-038138-001-original/2023,Cloacal/Oropharyngeal Swab Pool,goose,,2023
PQ109638.1,Influenza A virus,A/cattle/SD/24-015643-002-original/2024,milk,cattle,,2024
PQ109566.1,Influenza A virus,A/cattle/ID/24-016688-001-original/2024,milk,cattle,,2024
PQ109510.1,Influenza A virus,A/cattle/ID/24-016437-023-original/2024,milk,cattle,,2024
PQ109462.1,Influenza A virus,A/cattle/ID/24-016437-014-original/2024,milk,cattle,,2024
PQ109438.1,Influenza A virus,A/cattle/ID/24-016437-009-original/2024,milk,cattle,,2024
PQ052665.1,Influenza A virus,A/cattle/WY/24-016134-243-original/2024,milk,cattle,,2024
PQ052521.1,Influenza A virus,A/cattle/WY/24-016134-075-original/2024,milk,cattle,,2024
PQ809560.1,Influenza A virus,A/Louisiana/12/2024 Original,,Homo sapiens,,2024
PQ809555.1,Influenza A virus,A/Louisiana/12/2024 OR_IR,,Homo sapiens,,2024
PV267431.1,Influenza A virus,A/Ross's goose/Kansas/W24-1015/2024,CL/OP swab,Ross's goose,,2024
PV267487.1,Influenza A virus,A/bobcat/Kansas/W24-1062/2024,brain swab,bobcat,,2024
PV602251.1,Influenza A virus,A/northern pintail/USA/IZ24_0684/2024,oropharyngeal/cloacal swab,northern pintail,,2024
PV602243.1,Influenza A virus,A/northern pintail/USA/IZ24_0683/2024,oropharyngeal/cloacal swab,northern pintail,,2024
PV602219.1,Influenza A virus,A/northern pintail/USA/IZ24_0566/2024,oropharyngeal/cloacal swab,northern pintail,,2024
PV267687.1,Influenza A virus,A/snow goose/Kentucky/W24-1066/2024,CL/OP swab,snow goose,,2024
PQ885594.1,Influenza A virus,A/Iowa/124/2024,,Homo sapiens,,2024
PV602291.1,Influenza A virus,A/northern pintail/USA/IZ24_0780/2024,oropharyngeal/cloacal swab,northern pintail,,2024
PV602283.1,Influenza A virus,A/northern pintail/USA/IZ24_0772/2024,oropharyngeal/cloacal swab,northern pintail,,2024
PV602211.1,Influenza A virus,A/northern pintail/USA/IZ24_0555/2024,oropharyngeal/cloacal swab,northern pintail,,2024
PV267663.1,Influenza A virus,A/snow goose/Kentucky/W24-1021B/2024,CL/OP swab,snow goose,,2024
PV267639.1,Influenza A virus,A/snow goose/Kansas/W24-1007D/2024,CL/OP swab,snow goose,,2024
PV267623.1,Influenza A virus,A/snow goose/Arkansas/AR24-105/2024,brain swab,snow goose,,2024
PV267615.1,Influenza A virus,A/snow goose/Arkansas/AR24-104/2024,brain swab,snow goose,,2024
PV267599.1,Influenza A virus,A/ring-necked duck/Texas/UGAI24-2984/2024,CL/OP swab,ring-necked duck,,2024
PV267575.1,Influenza A virus,A/red-shouldered hawk/Louisiana/W24-1057/2024,CL/OP swab,red-shouldered hawk,,2024
PV267559.1,Influenza A virus,A/northern pintail/Tennessee/158/2024,CL/OP swab,northern pintail,,2024
PV267495.1,Influenza A virus,A/cackling goose/Kansas/W24-1006/2024,brain swab,cackling goose,,2024
PV267471.1,Influenza A virus,A/bald eagle/Georgia/W24-1067/2024,CL/OP swab,bald eagle,,2024
PV267423.1,Influenza A virus,A/Canada goose/Kansas/W24-962/2024,CL/OP swab,Canada goose,,2024
PQ885519.1,Influenza A virus,A/Washington/254/2024,,Homo sapiens,,2024
PQ615363.1,Influenza A virus,A/Washington/255/2024,,Homo sapiens,,2024
PV602307.1,Influenza A virus,A/northern pintail/USA/IZ24_0866/2024,oropharyngeal/cloacal swab,northern pintail,,2024
PV602171.1,Influenza A virus,A/mallard/USA/IZ24_0675/2024,oropharyngeal/cloacal swab,mallard,,2024
PV602155.1,Influenza A virus,A/American green-winged teal/USA/IZ24_0777/2024,oropharyngeal/cloacal swab,American green-winged teal,,2024
PV267727.1,Influenza A virus,A/wood duck/Kansas/W24-1068B/2024,CL/OP swab,wood duck,,2024
PV267655.1,Influenza A virus,A/snow goose/Kansas/W24-1051B/2024,CL/OP swab,snow goose,,2024
PV267535.1,Influenza A virus,A/green-winged teal/Texas/UGAI24-3048/2024,CL/OP swab,green-winged teal,,2024
PV267463.1,Influenza A virus,A/bald eagle/Georgia/W24-1050B/2024,CL/OP swab,bald eagle,,2024
PV267439.1,Influenza A virus,A/Ross's goose/Kansas/W24-1031E/2024,brain,Ross's goose,,2024
PV084922.1,Influenza A virus,A/Mallard/Alberta/520/2024,Cloacal,Anas platyrhynchos,,2024
PQ585629.1,Influenza A virus,A/Washington/UW32495/2024,swab,Homo sapiens,,2024
PQ573557.1,Influenza A virus,A/Washington/239/2024,,Homo sapiens,,2024
PV602147.1,Influenza A virus,A/American green-winged teal/USA/IZ24_0776/2024,oropharyngeal/cloacal swab,American green-winged teal,,2024
PV483738.1,Influenza A virus,A/goose/Durango/CPA-00444-25/2025,"Cloacal swab, tracheal swab, spleen, lung, trachea, cecal tonsil and allantoic fluid",goose,,2025
PV267703.1,Influenza A virus,A/snow goose/Louisiana/W24-1087OR/2024,CL/OP swab,snow goose,,2024
PV267671.1,Influenza A virus,A/snow goose/Kentucky/W24-1021D/2024,CL/OP swab,snow goose,,2024
PV267647.1,Influenza A virus,A/snow goose/Kansas/W24-1014/2024,brain,snow goose,,2024
PV267631.1,Influenza A virus,A/snow goose/Kansas/W24-1007B/2024,CL/OP swab,snow goose,,2024
PV267695.1,Influenza A virus,A/snow goose/Louisiana/W24-1010A/2024,CL/OP swab,snow goose,,2024
PV267679.1,Influenza A virus,A/snow goose/Kentucky/W24-1065/2024,CL/OP swab,snow goose,,2024
PV267567.1,Influenza A virus,A/red-breasted merganser/Kansas/W24-1031A/2024,brain,red-breasted merganser,,2024
PV267527.1,Influenza A virus,A/green-winged teal/Texas/UGAI24-2961/2024,CL/OP swab,green-winged teal,,2024
PV267455.1,Influenza A virus,A/bald eagle/Georgia/W24-1050A/2024,CL/OP swab,bald eagle,,2024
PV267415.1,Influenza A virus,A/American black duck/Tennessee/141/2024,CL/OP swab,American black duck,,2024
PV483730.1,Influenza A virus,A/Unknown/Durango/CPA-00563-25/2025,"Cloacal swab tracheal swab, trachea and allantoic fluid",unknown,,2025
PV267503.1,Influenza A virus,A/cackling goose/Kansas/W24-1020A/2024,brain,cackling goose,,2024
PV267479.1,Influenza A virus,A/blue-winged teal/Louisiana/LA24-1082/2024,CL/OP swab,blue-winged teal,,2024
PV267447.1,Influenza A virus,A/Ross's goose/Louisiana/W24-1056/2024,CL/OP swab,Ross's goose,,2024
PV483722.1,Influenza A virus,A/Ostrich/Sonora/CPA-00009-25/2025,"Cloacal swab, spleen, lung, and allantoic fluid",Ostrich,,2025
PV267607.1,Influenza A virus,A/snow goose/Arkansas/AR24-102/2024,brain swab,snow goose,,2024
PV267519.1,Influenza A virus,A/green-winged teal/Kentucky/W24-1039A/2024,brain swab,green-winged teal,,2024
PV113342.1,Influenza A virus,A/Nevada/10/2025,,Homo sapiens,,2025
PQ859356.1,Influenza A virus,A/chicken/LA/24-037801-002-original/2024,swab,chicken,,2024
PV084779.1,Influenza A virus,A/Mallard/Alberta/404/2024,Cloacal,Anas platyrhynchos,,2024
PQ859364.1,Influenza A virus,A/chicken/LA/24-037801-003-original/2024,swab,chicken,,2024
PQ859348.1,Influenza A virus,A/chicken/LA/24-037801-001-original/2024,swab,chicken,,2024
PV078422.1,Influenza A virus,A/Mallard/Alberta/238/2024,Cloacal,Anas platyrhynchos,,2024
PV159358.1,Influenza A virus,A/Bobcat/KS/24-038225-002-original/2024,Blood Swab,Bobcat,,2024
PV060096.1,Influenza A virus,A/Turkey/SD/24-036598-001-original/2024,Oropharyngeal Swab,turkey,,2024
PQ859340.1,Influenza A virus,A/chicken/LA/24-037003-001-original/2024,swab,chicken,,2024
PV616524.1,Influenza A virus,A/chicken/IA/25-008195-001-original/2025,Oropharyngeal Swab,chicken,,2025
PV602264.1,Influenza A virus,A/northern pintail/USA/IZ24_0760/2024,oropharyngeal/cloacal swab,northern pintail,,2024
PV572968.1,Influenza A virus,A/chicken/NC/25-007056-001-original/2025,tracheal swab,chicken,,2025
PV572888.1,Influenza A virus,A/chicken/MD/25-008577-001-original/2025,tracheal swab,chicken,,2025
PV493908.1,Influenza A virus,A/chicken/DE/25-005230-001-original/2025,tracheal swab,chicken,,2025
PV457415.1,Influenza A virus,A/chicken/OH/25-005481-001-original/2025,Oropharyngeal Swab,chicken,,2025
PV339291.1,Influenza A virus,A/goose/NJ/25-001892-002-original/2025,Cloacal/Oropharyngeal Swab Pool,goose,,2025
PV339283.1,Influenza A virus,A/goose/NJ/25-001892-001-original/2025,Cloacal/Oropharyngeal Swab Pool,goose,,2025
PV339259.1,Influenza A virus,A/goose/CT/25-003236-001-original/2025,cloacal swab,goose,,2025
PV338403.1,Influenza A virus,A/Vulture/MD/25-001987-003-original/2025,tracheal swab,Vulture,,2025
PV337851.1,Influenza A virus,A/Turkey Vulture/NY/25-002923-001-original/2025,swab,Turkey Vulture,,2025
PV337747.1,Influenza A virus,A/Snow Goose/NY/25-002738-001-original/2025,swab,Snow Goose,,2025
PV337723.1,Influenza A virus,A/Snow Goose/NJ/25-001916-001-original/2025,Cloacal/Oropharyngeal Swab Pool,Snow Goose,,2025
PV337283.1,Influenza A virus,A/Mallard/VT/25-002057-012-original/2025,Cloacal/Oropharyngeal Swab Pool,Mallard,,2025
PV337275.1,Influenza A virus,A/Mallard/VT/25-002057-011-original/2025,Cloacal/Oropharyngeal Swab Pool,Mallard,,2025
PV336667.1,Influenza A virus,A/Crow/NJ/25-001917-001-original/2025,Cloacal/Oropharyngeal Swab Pool,Crow,,2025
PV336523.1,Influenza A virus,A/Canada Goose/NY/25-002920-001-original/2025,Blood Swab,Canada Goose,,2025
PV336387.1,Influenza A virus,A/Canada Goose/CO/25-001845-001-original/2025,Cloacal/Oropharyngeal Swab Pool,Canada Goose,,2025
PV336331.1,Influenza A virus,A/Barn Owl/CA/25-003273-002-original/2025,cloacal swab,Barn Owl,,2025
PV336299.1,Influenza A virus,A/Bald Eagle/PA/25-002238-001-original/2025,Cloacal/Tracheal Swab Pool,Bald Eagle,,2025
PV336235.1,Influenza A virus,A/American Crow/PA/25-002235-001-original/2025,Cloacal/Tracheal Swab Pool,American Crow,,2025
PV336181.1,Influenza A virus,A/Cooper's Hawk/NJ/25-001918-001-original/2025,Cloacal/Oropharyngeal Swab Pool,Cooper's Hawk,,2025
PV336141.1,Influenza A virus,A/Mallard/NH/25-003045-073-original/2025,Cloacal/Oropharyngeal Swab Pool,Mallard,,2025
PV218368.1,Influenza A virus,A/Turkey/MN/25-001440-001-original/2025,Oropharyngeal Swab,turkey,,2025
PV218280.1,Influenza A virus,A/Crane/VA/25-001494-001-original/2025,cloacal swab,Crane,,2025
PV162454.1,Influenza A virus,A/goose/MI/25-000481-001-original/2025,cloacal swab,goose,,2025
PV162366.1,Influenza A virus,A/chicken/WV/25-000049-002-original/2024,swab,chicken,,2024
PV160094.1,Influenza A virus,A/Turkey/WI/24-038658-001-original/2024,tracheal swab,turkey,,2024
PV159886.1,Influenza A virus,A/Turkey/MI/24-038285-001-original/2024,Oropharyngeal Swab,turkey,,2024
PV159574.1,Influenza A virus,A/Ermine/AK/24-038843-001-original/2024,brain,Ermine,,2024
PV159350.1,Influenza A virus,A/Bobcat/CO/24-038835-001-original/2024,brain,Bobcat,,2024
PV072316.1,Influenza A virus,A/chicken/KS/24-038163-001-original/2024,swab,chicken,,2024
PV072196.1,Influenza A virus,A/chicken/IA/24-036502-001-original/2024,Oropharyngeal Swab,chicken,,2024
PV070796.1,Influenza A virus,A/Pelican/KS/24-037429-001-original/2024,lung,Pelican,,2024
PV060056.1,Influenza A virus,A/Turkey/SD/24-036337-001-original/2024,Oropharyngeal Swab,turkey,,2024
PV059936.1,Influenza A virus,A/Turkey/IL/24-037156-001-original/2024,tracheal swab,turkey,,2024
PQ893029.1,Influenza A virus,A/chicken/UT/24-035260-001-original/2024,Oropharyngeal Swab,chicken,,2024
OQ547446.1,Influenza A virus,A/Pelecanus thagus/Peru/AISA0464/2022,environmental swab,Pelecanus thagus,,2022
OQ733105.1,Influenza A virus,A/blue-winged teal/Texas/UGAI22-3190/2022,Combined cloacal and oral-pharyngeal,Spatula discors,,2022
OQ352547.1,Influenza A virus,A/black skimmer/Chile/C61962/2022,feces,Rynchops niger,,2022
OR591531.1,Influenza A virus,A/Belcher gull/Peru/A267/2022,Tracheal/cloacal swab,Belcher gull,,2022
OQ789274.1,Influenza A virus,A/American wigeon/South Carolina/AH0195145/2021,pooled oropharyngeal/cloacal swab,American wigeon,,2021
OQ967203.1,Influenza A virus,A/chicken/Delaware/22-008054-001/2022,"Swab, Oropharyngeal",chicken,,2022
OQ964219.1,Influenza A virus,A/Snow Goose/North Carolina/22-003496-007/2022,trachea,Snow Goose,,2022
OQ963731.1,Influenza A virus,A/Royal Tern/Florida/22-010506-002/2022,"Swab Pool, Cloacal/Oropharyngeal",Royal Tern,,2022
OQ962691.1,Influenza A virus,A/Northern Shoveler/North Carolina/22-003831-019/2022,"Swab Pool, Cloacal/Oropharyngeal",Northern Shoveler,,2022
OQ961699.1,Influenza A virus,A/Green-winged Teal/North Carolina/22-003827-001/2022,"Swab Pool, Cloacal/Oropharyngeal",Green-winged Teal,,2022
OQ961171.1,Influenza A virus,A/Gadwall/South Carolina/22-001743-004/2022,"Swab, Oral",Gadwall,,2022
OQ961163.1,Influenza A virus,A/Gadwall/South Carolina/22-001743-003/2022,"Swab, Oral",Gadwall,,2022
OQ960651.1,Influenza A virus,A/Canada Goose/New Hampshire/22-010920-002/2022,"Swab Pool, Cloacal/Tracheal",Canada Goose,,2022
OQ959163.1,Influenza A virus,A/Bald Eagle/Florida/22-011399-001/2022,"Swab Pool, Cloacal/Oropharyngeal",Bald Eagle,,2022
OQ959139.1,Influenza A virus,A/Bald Eagle/Florida/22-007915-009/2022,"Swab, Oral",Bald Eagle,,2022
OQ959091.1,Influenza A virus,A/Bald Eagle/Florida/22-005524-002/2022,"Swab, Oral",Bald Eagle,,2022
OQ958691.1,Influenza A virus,A/Backyard bird/Montana/22-010445-003/2022,"Swab, Cloacal",Backyard bird,,2022
OQ958683.1,Influenza A virus,A/Backyard bird/Montana/22-010445-001/2022,"Swab, Cloacal",Backyard bird,,2022
OQ958211.1,Influenza A virus,A/Backyard bird/Kansas/22-008259-001/2022,"Swab, Oropharyngeal",Backyard bird,,2022
OQ958059.1,Influenza A virus,A/American Wigeon/South Carolina/22-001743-014/2022,"Swab, Oral",American Wigeon,,2022
OQ958019.1,Influenza A virus,A/American Wigeon/North Carolina/22-001672-009/2022,"Swab Pool, Cloacal/Oropharyngeal",American Wigeon,,2022
OQ958003.1,Influenza A virus,A/American Wigeon/North Carolina/22-001672-001/2022,"Swab Pool, Cloacal/Oropharyngeal",American Wigeon,,2022
OQ957995.1,Influenza A virus,A/American Wigeon/North Carolina/22-001330-031/2022,"Swab Pool, Cloacal/Oropharyngeal",American Wigeon,,2022
OQ957979.1,Influenza A virus,A/American Wigeon/North Carolina/22-001330-029/2022,"Swab Pool, Cloacal/Oropharyngeal",American Wigeon,,2022
OQ957971.1,Influenza A virus,A/American Wigeon/North Carolina/22-001330-028/2022,"Swab Pool, Cloacal/Oropharyngeal",American Wigeon,,2022
OQ957963.1,Influenza A virus,A/American Wigeon/North Carolina/22-001330-027/2022,"Swab Pool, Cloacal/Oropharyngeal",American Wigeon,,2022
OQ957955.1,Influenza A virus,A/American Wigeon/North Carolina/22-001330-025/2022,"Swab Pool, Cloacal/Oropharyngeal",American Wigeon,,2022
OQ957923.1,Influenza A virus,A/American Wigeon/North Carolina/22-001330-018/2022,"Swab Pool, Cloacal/Oropharyngeal",American Wigeon,,2022
OQ957915.1,Influenza A virus,A/American Wigeon/North Carolina/22-001330-017/2022,"Swab Pool, Cloacal/Oropharyngeal",American Wigeon,,2022
OQ957891.1,Influenza A virus,A/American Wigeon/North Carolina/22-001330-011/2022,"Swab Pool, Cloacal/Oropharyngeal",American Wigeon,,2022
OQ957883.1,Influenza A virus,A/American Wigeon/North Carolina/22-001330-009/2022,"Swab Pool, Cloacal/Oropharyngeal",American Wigeon,,2022
OQ957875.1,Influenza A virus,A/American Wigeon/North Carolina/22-001330-001/2022,"Swab Pool, Cloacal/Oropharyngeal",American Wigeon,,2022
OQ957867.1,Influenza A virus,A/American Wigeon/North Carolina/22-001329-001/2022,"Swab Pool, Cloacal/Oropharyngeal",American Wigeon,,2022
OQ957843.1,Influenza A virus,A/American Wigeon/Alabama/22-004941-003/2022,"Swab Pool, Cloacal/Oropharyngeal",American Wigeon,,2022
OQ957651.1,Influenza A virus,A/American Black Duck/Ohio/22-009205-010/2022,"Swab Pool, Cloacal/Oropharyngeal",American Black Duck,,2022
OR421027.1,Influenza A virus,A/mallard duck/Tennessee/TN22-288/2022,Combined cloacal and oral-pharyngeal,Anas platyrhynchos,,2022
OP470809.1,Influenza A virus,A/bald eagle/FL/W22-114/2022,,Haliaeetus leucocephalus,,2022
OP377579.1,Influenza A virus,A/black vulture/Florida/W22-167/2022,Oral-pharyngeal,Coragyps atratus,,2022
OP377539.1,Influenza A virus,A/bald eagle/Florida/W22-153A/2022,Oral-pharyngeal,Haliaeetus leucocephalus,,2022
OP377417.1,Influenza A virus,A/royal tern/Florida/W22-245B/2022,Combined cloacal and oral-pharyngeal,Thalasseus maximus,,2022
OP377327.1,Influenza A virus,A/snow goose/North Dakota/N22-06/2022,homogenized pect. muscle,Anser caerulescens,,2022
OP221371.1,Influenza A virus,A/bald eagle/South Carolina/W22-205/2022,Combined cloacal and oral-pharyngeal,Haliaeetus leucocephalus,,2022
OQ964947.1,Influenza A virus,A/Snow Goose/South Dakota/22-009478-007/2022,"Swab Pool, Cloacal/Oropharyngeal",Snow Goose,,2022
PQ720112.1,Influenza A virus,A/goose/UT/22-014696-001-original/2022,cloacal swab,goose,,2022
PQ720096.1,Influenza A virus,A/goose/MT/22-013369-001-original/2022,Cloacal/Oropharyngeal Swab Pool,goose,,2022
PQ719800.1,Influenza A virus,A/Wood Duck/WI/22-013275-001-original/2022,Cloacal/Oropharyngeal Swab Pool,Wood Duck,,2022
PQ719176.1,Influenza A virus,A/Turkey Vulture/NY/22-013462-001-original/2022,Oropharyngeal Swab,Turkey Vulture,,2022
PQ719128.1,Influenza A virus,A/Turkey Vulture/ND/22-013265-002-original/2022,Cloacal/Oropharyngeal Swab Pool,Turkey Vulture,,2022
PQ717232.1,Influenza A virus,A/Sandhill crane/WA/22-014024-001-original/2022,Tissue,Sandhill crane,,2022
PQ717128.1,Influenza A virus,A/Ross's goose/ND/22-013422-002-original/2022,Cloacal/Oropharyngeal Swab Pool,Ross's goose,,2022
PQ716744.1,Influenza A virus,A/Red-tailed hawk/WI/22-013262-002-original/2022,cloacal swab,Red-tailed hawk,,2022
PQ716488.1,Influenza A virus,A/Red-tailed hawk/NY/22-013874-001-original/2022,Cloacal/Oropharyngeal Swab Pool,Red-tailed hawk,,2022
PQ715608.1,Influenza A virus,A/Red-shouldered hawk/MN/22-013517-010-original/2022,Cloacal/Tracheal Swab Pool,Red-shouldered hawk,,2022
PQ715328.1,Influenza A virus,A/Peregrine falcon/TX/22-017713-001-original/2022,Virus Isolate,Peregrine falcon,,2022
PQ715072.1,Influenza A virus,A/Pelican/UT/22-015627-002-original/2022,cloacal swab,Pelican,,2022
PQ714840.1,Influenza A virus,A/Owl/MT/22-013369-009-original/2022,Cloacal/Oropharyngeal Swab Pool,Owl,,2022
PQ714824.1,Influenza A virus,A/Owl/MT/22-013369-007-original/2022,Cloacal/Oropharyngeal Swab Pool,Owl,,2022
PQ713968.1,Influenza A virus,A/Mallard/TN/22-024871-003-original/2022,Virus Isolate,Mallard,,2022
PQ713960.1,Influenza A virus,A/Mallard/TN/22-024871-002-original/2022,Virus Isolate,Mallard,,2022
PQ712448.1,Influenza A virus,A/Hawk/MT/22-015563-004-original/2022,cloacal swab,Hawk,,2022
PQ711816.1,Influenza A virus,A/Great horned owl/UT/22-013610-001-original/2022,cloacal swab,Great horned owl,,2022
PQ711480.1,Influenza A virus,A/Great horned owl/MN/22-014521-001-original/2022,Cloacal/Oropharyngeal Swab Pool,Great horned owl,,2022
PQ709640.1,Influenza A virus,A/Cooper's Hawk/ND/22-014531-001-original/2022,Cloacal/Oropharyngeal Swab Pool,Cooper's Hawk,,2022
PQ708960.1,Influenza A virus,A/Canada goose/WA/22-015816-001-original/2022,Cloacal/Oropharyngeal Swab Pool,Canada goose,,2022
PQ708896.1,Influenza A virus,A/Canada goose/VT/22-013321-004-original/2022,Cloacal/Oropharyngeal Swab Pool,Canada goose,,2022
PQ708800.1,Influenza A virus,A/Canada goose/UT/22-015921-001-original/2022,cloacal swab,Canada goose,,2022
PQ708560.1,Influenza A virus,A/Canada goose/OR/22-015733-001-original/2022,Cloacal/Oropharyngeal Swab Pool,Canada goose,,2022
PQ707216.1,Influenza A virus,A/Canada goose/CA/22-024601-002-original/2022,Cloacal/Oropharyngeal Swab Pool,Canada goose,,2022
PQ706728.1,Influenza A virus,A/Broad-winged Hawk/ND/22-015585-001-original/2022,Cloacal/Oropharyngeal Swab Pool,Broad-winged Hawk,,2022
PQ704288.1,Influenza A virus,A/Black Vulture/FL/22-024351-001-original/2022,Cloacal/Oropharyngeal Swab Pool,Black Vulture,,2022
PQ704032.1,Influenza A virus,A/Black Vulture/FL/22-020386-001-original/2022,Cloacal/Oropharyngeal Swab Pool,Black Vulture,,2022
PQ703992.1,Influenza A virus,A/Black Vulture/FL/22-018027-001-original/2022,Cloacal/Oropharyngeal Swab Pool,Black Vulture,,2022
PQ703896.1,Influenza A virus,A/Black Vulture/FL/22-014036-001-original/2022,Cloacal/Oropharyngeal Swab Pool,Black Vulture,,2022
PQ703816.1,Influenza A virus,A/Black Vulture/FL/22-013488-001-original/2022,Cloacal/Oropharyngeal Swab Pool,Black Vulture,,2022
PQ703648.1,Influenza A virus,A/Barred owl/MN/22-013395-005-original/2022,cloacal swab,Barred owl,,2022
PQ703512.1,Influenza A virus,A/Bald eagle/WI/22-013262-001-original/2022,cloacal swab,Bald eagle,,2022
PQ703408.1,Influenza A virus,A/Bald eagle/VA/22-012784-001-original/2022,cloacal swab,Bald eagle,,2022
PQ702728.1,Influenza A virus,A/Bald eagle/IL/23-013393-001-original/2022,Cloacal/Oropharyngeal Swab Pool,Bald eagle,,2022
PQ702184.1,Influenza A virus,A/American white Pelican/WI/22-013642-002-original/2022,cloacal swab,American white Pelican,,2022
PQ701544.1,Influenza A virus,A/American crow/ND/22-015577-001-original/2022,Cloacal/Oropharyngeal Swab Pool,American crow,,2022
PQ701120.1,Influenza A virus,A/Black Vulture/NY/22-027417-001-original/2022,Cloacal/Oropharyngeal Swab Pool,Black Vulture,,2022
PQ701104.1,Influenza A virus,A/Bald eagle/WA/22-016060-001-original/2022,cloacal swab,Bald eagle,,2022
PQ701032.1,Influenza A virus,A/Black Vulture/PA/22-018576-002-original/2022,Cloacal/Tracheal Swab Pool,Black Vulture,,2022
PQ700600.1,Influenza A virus,A/Black Vulture/MD/22-020794-001original/2022,Virus Isolate,Black Vulture,,2022
PQ700416.1,Influenza A virus,A/Black Vulture/NY/22-027418-001-original/2022,Cloacal/Oropharyngeal Swab Pool,Black Vulture,,2022
PP802149.1,Influenza A virus,A/bald eagle/USA/22-016934-003/2022,oropharyngeal/cloacal swab,bald eagle,,2022
OQ968019.1,Influenza A virus,A/goose/Alaska/22-013831-002/2022,"Swab Pool, Cloacal/Oropharyngeal",goose,,2022
OQ967715.1,Influenza A virus,A/chicken/Nebraska/22-008467-001/2022,"Swab, Oropharyngeal",chicken,,2022
OQ967691.1,Influenza A virus,A/chicken/Montana/22-013053-001/2022,"Swab, Cloacal",chicken,,2022
OQ967651.1,Influenza A virus,A/chicken/Montana/22-010923-004/2022,"Swab, Oropharyngeal",chicken,,2022
OQ967643.1,Influenza A virus,A/chicken/Missouri/22-006569-007/2022,"Swab, Tracheal",chicken,,2022
OQ967627.1,Influenza A virus,A/chicken/Missouri/22-006569-004/2022,"Swab, Tracheal",chicken,,2022
OQ967387.1,Influenza A virus,A/chicken/Kentucky/22-004416-002/2022,swab,chicken,,2022
OQ967371.1,Influenza A virus,A/chicken/Iowa/22-009985-001/2022,"Swab, Oropharyngeal",chicken,,2022
OQ967267.1,Influenza A virus,A/chicken/Iowa/22-007376-001/2022,"Swab, Oropharyngeal",chicken,,2022
OQ967227.1,Influenza A virus,A/chicken/Idaho/22-011336-001/2022,"Swab, Tracheal",chicken,,2022
OQ967091.1,Influenza A virus,A/Wood Duck/Tennessee/22-005907-002/2022,"Swab Pool, Cloacal/Oropharyngeal",Wood Duck,,2022
OQ967083.1,Influenza A virus,A/Wood Duck/North Carolina/22-003829-001/2022,"Swab Pool, Cloacal/Oropharyngeal",Wood Duck,,2022
OQ966819.1,Influenza A virus,A/Vulture/Montana/22-012936-008/2022,"Swab, Cloacal",Vulture,,2022
OQ966779.1,Influenza A virus,A/Vulture/Florida/22-012327-001/2022,"Swab Pool, Cloacal/Oropharyngeal",Vulture,,2022
OQ966675.1,Influenza A virus,A/Turkey/South Dakota/22-010139-001/2022,swab,turkey,,2022
OQ966339.1,Influenza A virus,A/Turkey/South Dakota/22-006792-001/2022,"Swab, Tracheal",turkey,,2022
OQ966299.1,Influenza A virus,A/Turkey/North Dakota/22-009840-001/2022,"Swab, Oropharyngeal",turkey,,2022
OQ966131.1,Influenza A virus,A/Turkey/Minnesota/22-013084-001/2022,swab,turkey,,2022
